{
  "best_model": "Logistic Regression",
  "results": {
    "Logistic Regression": {
      "accuracy": 0.9606666666666667,
      "precision": 0.9668918918918918,
      "recall": 0.954,
      "f1": 0.9604026845637584,
      "auc": 0.9918653333333334,
      "cv_f1_mean": 0.9579195380209068,
      "cv_f1_std": 0.0028435843998623864,
      "threshold": 0.39999999999999997,
      "confusion_matrix": [
        [
          1451,
          49
        ],
        [
          69,
          1431
        ]
      ]
    },
    "Random Forest": {
      "accuracy": 0.9376666666666666,
      "precision": 0.9438810006761326,
      "recall": 0.9306666666666666,
      "f1": 0.9372272574689493,
      "auc": 0.9824926666666667,
      "cv_f1_mean": 0.9270592971122186,
      "cv_f1_std": 0.005652071935869792,
      "threshold": 0.44999999999999996,
      "confusion_matrix": [
        [
          1417,
          83
        ],
        [
          104,
          1396
        ]
      ]
    },
    "Naive Bayes": {
      "accuracy": 0.9483333333333334,
      "precision": 0.9398299542184434,
      "recall": 0.958,
      "f1": 0.9488279960382965,
      "auc": 0.9894271111111111,
      "cv_f1_mean": 0.9509758012397406,
      "cv_f1_std": 0.004021835286736118,
      "threshold": 0.49999999999999994,
      "confusion_matrix": [
        [
          1408,
          92
        ],
        [
          63,
          1437
        ]
      ]
    },
    "XGBoost": {
      "accuracy": 0.9463333333333334,
      "precision": 0.9582477754962354,
      "recall": 0.9333333333333333,
      "f1": 0.9456264775413712,
      "auc": 0.9892655555555555,
      "cv_f1_mean": 0.945259987316577,
      "cv_f1_std": 0.0014383561708324422,
      "threshold": 0.39999999999999997,
      "confusion_matrix": [
        [
          1439,
          61
        ],
        [
          100,
          1400
        ]
      ]
    }
  }
}